<?xml version="1.0" encoding="UTF-8" ?>
<module>
    <name>flagsmodule</name>
    <displayName><![CDATA[Niestandardowe flagi produkt&oacute;w]]></displayName>
    <version><![CDATA[1.0.26]]></version>
    <description><![CDATA[Moduł do dodawania niestandardowych flag produkt&oacute;w.]]></description>
    <author><![CDATA[SirSail]]></author>
    <tab><![CDATA[administration]]></tab>
	<confirmUninstall><![CDATA[Are you sure you want to uninstall?]]></confirmUninstall>
    <is_configurable>1</is_configurable>
    <need_instance>0</need_instance>
	<limited_countries></limited_countries>
</module>